"Status","Start Time","Stop Time","Duration in ms","Parent Suite","Suite","Sub Suite","Test Class","Test Method","Name","Description"
"passed","Wed Dec 30 13:47:16 CST 2020","Wed Dec 30 13:47:16 CST 2020","291","","changeheader_test","TestCaseLoginbyemailpassword","","","testcase description","TestCase ID: 661babc0-0ca3-4d70-b20c-b04a9b6f962b"
"passed","Wed Dec 30 13:47:17 CST 2020","Wed Dec 30 13:47:18 CST 2020","328","","setCity_test","TestCaseSetcity","","","testcase description","TestCase ID: 232d2f06-abc1-4e6e-a8c5-7a3b437be168"
"passed","Wed Dec 30 13:47:15 CST 2020","Wed Dec 30 13:47:16 CST 2020","711","","changeheader_test","TestCaseChangeheader","","","testcase description","TestCase ID: 7e8a100f-2e70-4551-a603-a573cb430f08"
"passed","Wed Dec 30 13:47:18 CST 2020","Wed Dec 30 13:47:18 CST 2020","327","","setCity_test","TestCaseLoginbyemailpassword","","","testcase description","TestCase ID: 86516407-0050-428a-816a-5149b70b9215"
"passed","Wed Dec 30 13:47:18 CST 2020","Wed Dec 30 13:47:18 CST 2020","359","","setGender_test","TestCaseSetgender","","","testcase description","TestCase ID: 5723c645-8fe2-4e18-b424-3734d8b04610"
"passed","Wed Dec 30 13:47:16 CST 2020","Wed Dec 30 13:47:16 CST 2020","484","","changeheader_test","TestCaseChangeheader","","","testcase description","TestCase ID: 0e175f03-c9cb-484e-bb3c-4b0adf61fa76"
"passed","Wed Dec 30 13:47:16 CST 2020","Wed Dec 30 13:47:17 CST 2020","502","","getCityList_test","TestCaseGetcitylist","","","testcase description","TestCase ID: b7ed6e46-666d-4687-a88e-858e578b5cec"
"passed","Wed Dec 30 13:47:18 CST 2020","Wed Dec 30 13:47:19 CST 2020","286","","setGender_test","TestCaseLoginbyemailpassword","","","testcase description","TestCase ID: 5a3a448d-bcbc-4c9a-890a-fc69bca0fef0"
"passed","Wed Dec 30 13:47:17 CST 2020","Wed Dec 30 13:47:17 CST 2020","271","","getCityList_test","TestCaseLoginbyemailpassword","","","testcase description","TestCase ID: 2fe22b4f-f21a-41f1-98c0-e4c0dfecadfd"
